Workbook

Sheet lista excel
A1: LISTA DE PRECIOS MAYORISTA (ULTIMA ACT. 28/04)
A3: ID | B3: MARCA | C3: LINEA | D3: CODIGO DE BARRA | E3: NOMBRE | F3: PRESENTACIONES | G3: PRECIO FINAL MAYORISTA
A4: 1096 | B4: BABYSEC | C4: BABYSEC ULTRASOFT | D4: =_xlfn.XLOOKUP(Tabla13[[#This Row],[ID]],BAJADA!$I:$I,BAJADA!$B:$B,"error",1) -> 7790250040880 | E4: BABYSEC ULTRASOFT PROMOPACK | F4: M68,G60,XG52,XXG50 | G4: =_xlfn.XLOOKUP(Tabla13[[#This Row],[ID]],BAJADA!$I:$I,BAJADA!$K:$K,"error",1) -> 11699
A5: 1089 | D5: =_xlfn.XLOOKUP(Tabla13[[#This Row],[ID]],BAJADA!$I:$I,BAJADA!$B:$B,"error",1) -> 7790250042082 | E5: BABYSEC ULTRASOFT HIPERPACK | F5: M48,G40,XG32,XXG30,XXXG28 | G5: =_xlfn.XLOOKUP(Tabla13[[#This Row],[ID]],BAJADA!$I:$I,BAJADA!$K:$K,"error",1) -> 8230
A6: 4416 | D6: =_xlfn.XLOOKUP(Tabla13[[#This Row],[ID]],BAJADA!$I:$I,BAJADA!$B:$B,"error",1) -> 7790250040798 | E6: BABYSEC ULTRASOFT REGULAR | F6: XXG8 | G6: =_xlfn.XLOOKUP(Tabla13[[#This Row],[ID]],BAJADA!$I:$I,BAJADA!$K:$K,"error",1) -> 2098.14
A7: 1100 | C7: BABYSEC PREMIUMSOFT | D7: =_xlfn.XLOOKUP(Tabla13[[#This Row],[ID]],BAJADA!$I:$I,BAJADA!$B:$B,"error",1) -> 7790250047247 | E7: BABYSEC PREMIUMSOFT JUMBO PACK | F7: G60,XG48,XXG44 | G7: =_xlfn.XLOOKUP(Tabla13[[#This Row],[ID]],BAJADA!$I:$I,BAJADA!$K:$K,"error",1) -> 14850
A8: 1731 | D8: =_xlfn.XLOOKUP(Tabla13[[#This Row],[ID]],BAJADA!$I:$I,BAJADA!$B:$B,"error",1) -> 7790250042822 | E8: BABYSEC PREMIUMSOFT HIPERPACK | F8: M48,G40,XG32,XXG30 | G8: =_xlfn.XLOOKUP(Tabla13[[#This Row],[ID]],BAJADA!$I:$I,BAJADA!$K:$K,"error",1) -> 9999
A9: 3753 | C9: BABYSEC PREMIUM (LINEA VIEJA) | D9: =_xlfn.XLOOKUP(Tabla13[[#This Row],[ID]],BAJADA!$I:$I,BAJADA!$B:$B,"error",1) -> 7790250047360 | E9: BABYSEC PREMIUM HIPER (HASTA AGOTAR STOCK) | F9: XG32 | G9: =_xlfn.XLOOKUP(Tabla13[[#This Row],[ID]],BAJADA!$I:$I,BAJADA!$K:$K,"error",1) -> 7890
A10: 2316 | D10: =_xlfn.XLOOKUP(Tabla13[[#This Row],[ID]],BAJADA!$I:$I,BAJADA!$B:$B,"error",1) -> 7790250042754 | E10: BABYSEC PREMIUM REGULAR | F10: P12 | G10: =_xlfn.XLOOKUP(Tabla13[[#This Row],[ID]],BAJADA!$I:$I,BAJADA!$K:$K,"error",1) -> 2571.492
A11: 4447 | C11: PREMIUM PANTS | D11: =_xlfn.XLOOKUP(Tabla13[[#This Row],[ID]],BAJADA!$I:$I,BAJADA!$B:$B,"error",1) -> 7896061999987 | E11: BABYSEC PREMIUM PANTS | F11: G28,XG22,XXG20 | G11: =_xlfn.XLOOKUP(Tabla13[[#This Row],[ID]],BAJADA!$I:$I,BAJADA!$K:$K,"error",1) -> 9140
A12: 3376 | C12: BABYSEC SUPER PREMIUM | D12: =_xlfn.XLOOKUP(Tabla13[[#This Row],[ID]],BAJADA!$I:$I,BAJADA!$B:$B,"error",1) -> 7790250042174 | E12: BABYSEC SUPER PREMIUM PROMOPACK | F12: G60,XG48,XXG44 | G12: =_xlfn.XLOOKUP(Tabla13[[#This Row],[ID]],BAJADA!$I:$I,BAJADA!$K:$K,"error",1) -> 18096.458
A13: 3378 | D13: =_xlfn.XLOOKUP(Tabla13[[#This Row],[ID]],BAJADA!$I:$I,BAJADA!$B:$B,"error",1) -> 7790250042181 | E13: BABYSEC SUPER PREMIUM HIPERPACK | F13: M48 | G13: =_xlfn.XLOOKUP(Tabla13[[#This Row],[ID]],BAJADA!$I:$I,BAJADA!$K:$K,"error",1) -> 11809.66
A14: 3379 | D14: =_xlfn.XLOOKUP(Tabla13[[#This Row],[ID]],BAJADA!$I:$I,BAJADA!$B:$B,"error",1) -> 7790250042198 | E14: BABYSEC SUPER PREMIUM PEQUEÑO | F14: P30 | G14: =_xlfn.XLOOKUP(Tabla13[[#This Row],[ID]],BAJADA!$I:$I,BAJADA!$K:$K,"error",1) -> 7875.89
A15: 4410 | D15: =_xlfn.XLOOKUP(Tabla13[[#This Row],[ID]],BAJADA!$I:$I,BAJADA!$B:$B,"error",1) -> 7759185010924 | E15: BABYSEC RECIEN NACIDO | F15: X20U | G15: =_xlfn.XLOOKUP(Tabla13[[#This Row],[ID]],BAJADA!$I:$I,BAJADA!$K:$K,"error",1) -> 6055.808
A16: 4312 | B16: PAÑAL NANO | C16: OFERTA TOTAL | E16: PAÑAL NANO AHORRO | F16: M62,G58,XG50,XXG44 | G16: =_xlfn.XLOOKUP(Tabla13[[#This Row],[ID]],BAJADA!$I:$I,BAJADA!$K:$K,"error",1) -> 8499
A17: 1132 | B17: DUFFY | C17: DUFFY COTTON | D17: =_xlfn.XLOOKUP(Tabla13[[#This Row],[ID]],BAJADA!$I:$I,BAJADA!$B:$B,"error",1) -> 7798350085428 | E17: DUFFY MEGA AHORRO | F17: M52,G48,XG44,XXG42 | G17: =_xlfn.XLOOKUP(Tabla13[[#This Row],[ID]],BAJADA!$I:$I,BAJADA!$K:$K,"error",1) -> 10690
A18: 1135 | D18: =_xlfn.XLOOKUP(Tabla13[[#This Row],[ID]],BAJADA!$I:$I,BAJADA!$B:$B,"error",1) -> 7798350082328 | E18: DUFFY COTTON | F18: P40,M36,G32,XG28,XXG26 | G18: =_xlfn.XLOOKUP(Tabla13[[#This Row],[ID]],BAJADA!$I:$I,BAJADA!$K:$K,"error",1) -> 6990
A19: 1503 | D19: =_xlfn.XLOOKUP(Tabla13[[#This Row],[ID]],BAJADA!$I:$I,BAJADA!$B:$B,"error",1) -> 7798350080218 | E19: DUFFY COTTON PEQ 30U | G19: =_xlfn.XLOOKUP(Tabla13[[#This Row],[ID]],BAJADA!$I:$I,BAJADA!$K:$K,"error",1) -> 3806.66
A20: 1305 | C20: DUFFY PREMIUM | D20: =_xlfn.XLOOKUP(Tabla13[[#This Row],[ID]],BAJADA!$I:$I,BAJADA!$B:$B,"error",1) -> 7798350080195 | E20: DUFFY PREMIUM | F20: P40,M40,G36,XG32,XXG30 | G20: =_xlfn.XLOOKUP(Tabla13[[#This Row],[ID]],BAJADA!$I:$I,BAJADA!$K:$K,"error",1) -> 7500
A21: 1784 | D21: =_xlfn.XLOOKUP(Tabla13[[#This Row],[ID]],BAJADA!$I:$I,BAJADA!$B:$B,"error",1) -> 7798350081017 | E21: DUFFY PREMIUM PEQ 30U | G21: =_xlfn.XLOOKUP(Tabla13[[#This Row],[ID]],BAJADA!$I:$I,BAJADA!$K:$K,"error",1) -> 5500
A22: 1082 | B22: ESTRELLA | D22: =_xlfn.XLOOKUP(Tabla13[[#This Row],[ID]],BAJADA!$I:$I,BAJADA!$B:$B,"error",1) -> 7790064004238 | E22: ESTRELLA HIPERPACK | F22: M44,G40,XG36,XXG34,J30 | G22: =_xlfn.XLOOKUP(Tabla13[[#This Row],[ID]],BAJADA!$I:$I,BAJADA!$K:$K,"error",1) -> 10900
A23: 1540 | D23: =_xlfn.XLOOKUP(Tabla13[[#This Row],[ID]],BAJADA!$I:$I,BAJADA!$B:$B,"error",1) -> 7790064005518 | E23: ESTRELLA SUPERPACK | F23: G60,XG52,XXG50 | G23: =_xlfn.XLOOKUP(Tabla13[[#This Row],[ID]],BAJADA!$I:$I,BAJADA!$K:$K,"error",1) -> 17100
A24: 1087 | D24: =_xlfn.XLOOKUP(Tabla13[[#This Row],[ID]],BAJADA!$I:$I,BAJADA!$B:$B,"error",1) -> 7790064104983 | E24: ESTRELLA SUPERPACK J50 | G24: =_xlfn.XLOOKUP(Tabla13[[#This Row],[ID]],BAJADA!$I:$I,BAJADA!$K:$K,"error",1) -> 17100
A25: 1042 | D25: =_xlfn.XLOOKUP(Tabla13[[#This Row],[ID]],BAJADA!$I:$I,BAJADA!$B:$B,"error",1) -> 7790064004023 | E25: ESTRELLA PEQ 30U | G25: =_xlfn.XLOOKUP(Tabla13[[#This Row],[ID]],BAJADA!$I:$I,BAJADA!$K:$K,"error",1) -> 7800
A26: 1056 | B26: HUGGIES | C26: SUPREME CARE | D26: =_xlfn.XLOOKUP(Tabla13[[#This Row],[ID]],BAJADA!$I:$I,BAJADA!$B:$B,"error",1) -> 7794626013348 | E26: HUGGIES SUPREME PROMO | F26: M68,G60,XG52,XXG50,XXXG48 | G26: =_xlfn.XLOOKUP(Tabla13[[#This Row],[ID]],BAJADA!$I:$I,BAJADA!$K:$K,"error",1) -> 22300
A27: 1036 | D27: =_xlfn.XLOOKUP(Tabla13[[#This Row],[ID]],BAJADA!$I:$I,BAJADA!$B:$B,"error",1) -> 7794626012419 | E27: HUGGIES SUPREME PEQ 50U | G27: =_xlfn.XLOOKUP(Tabla13[[#This Row],[ID]],BAJADA!$I:$I,BAJADA!$K:$K,"error",1) -> 17700
A28: 1555 | D28: =_xlfn.XLOOKUP(Tabla13[[#This Row],[ID]],BAJADA!$I:$I,BAJADA!$B:$B,"error",1) -> 7794626013362 | E28: HUGGIES SUPREME RN 34U | G28: =_xlfn.XLOOKUP(Tabla13[[#This Row],[ID]],BAJADA!$I:$I,BAJADA!$K:$K,"error",1) -> 13799
A29: 1064 | D29: =_xlfn.XLOOKUP(Tabla13[[#This Row],[ID]],BAJADA!$I:$I,BAJADA!$B:$B,"error",1) -> 7794626007149 | E29: HUGGIES SUPREME PREMATURO 30U | G29: =_xlfn.XLOOKUP(Tabla13[[#This Row],[ID]],BAJADA!$I:$I,BAJADA!$K:$K,"error",1) -> 9400.3569
A30: 1067 | C30: FLEXI COMFORT | D30: =_xlfn.XLOOKUP(Tabla13[[#This Row],[ID]],BAJADA!$I:$I,BAJADA!$B:$B,"error",1) -> 7794626012884 | E30: HUGGIES FLEXI PROMO | F30: M68,G60,XG52,XXG50,XXXG48 | G30: =_xlfn.XLOOKUP(Tabla13[[#This Row],[ID]],BAJADA!$I:$I,BAJADA!$K:$K,"error",1) -> 17790
A31: 1035 | D31: =_xlfn.XLOOKUP(Tabla13[[#This Row],[ID]],BAJADA!$I:$I,BAJADA!$B:$B,"error",1) -> 7794626012938 | E31: HUGGIES FLEXI PEQ 50U | G31: =_xlfn.XLOOKUP(Tabla13[[#This Row],[ID]],BAJADA!$I:$I,BAJADA!$K:$K,"error",1) -> 14900
A32: 1066 | D32: =_xlfn.XLOOKUP(Tabla13[[#This Row],[ID]],BAJADA!$I:$I,BAJADA!$B:$B,"error",1) -> 7794626012914 | E32: HUGGIES FLEXI RN 34U | G32: =_xlfn.XLOOKUP(Tabla13[[#This Row],[ID]],BAJADA!$I:$I,BAJADA!$K:$K,"error",1) -> 8999
A33: 1077 | C33: TRIPLE PROTECCION AMARILLOS | D33: =_xlfn.XLOOKUP(Tabla13[[#This Row],[ID]],BAJADA!$I:$I,BAJADA!$B:$B,"error",1) -> 7794626009983 | E33: HUGGIES AMARILLOS PROMO | F33: M68,G60,XG52,XXG50,XXXG48 | G33: =_xlfn.XLOOKUP(Tabla13[[#This Row],[ID]],BAJADA!$I:$I,BAJADA!$K:$K,"error",1) -> 15300
A34: 1073 | C34: PROTECT PLUS | D34: =_xlfn.XLOOKUP(Tabla13[[#This Row],[ID]],BAJADA!$I:$I,BAJADA!$B:$B,"error",1) -> 7794626011948 | E34: HUGGIES PROTECT PROMO | F34: M68,G60,XG52,XXG50,XXXG48 | G34: =_xlfn.XLOOKUP(Tabla13[[#This Row],[ID]],BAJADA!$I:$I,BAJADA!$K:$K,"error",1) -> 12000
A35: 2081 | D35: =_xlfn.XLOOKUP(Tabla13[[#This Row],[ID]],BAJADA!$I:$I,BAJADA!$B:$B,"error",1) -> 7794626013591 | E35: HUGGIES PROTECT PEQ 50U | G35: =_xlfn.XLOOKUP(Tabla13[[#This Row],[ID]],BAJADA!$I:$I,BAJADA!$K:$K,"error",1) -> 8800
A36: 1049 | D36: =_xlfn.XLOOKUP(Tabla13[[#This Row],[ID]],BAJADA!$I:$I,BAJADA!$B:$B,"error",1) -> 7794626999765 | E36: HUGGIES PROTECT REGULAR | F36: G8,XG8,XXG8 | G36: =_xlfn.XLOOKUP(Tabla13[[#This Row],[ID]],BAJADA!$I:$I,BAJADA!$K:$K,"error",1) -> 2301.42
A37: 1128 | C37: ULTRACOMFORT | D37: =_xlfn.XLOOKUP(Tabla13[[#This Row],[ID]],BAJADA!$I:$I,BAJADA!$B:$B,"error",1) -> 7794626013683 | E37: HUGGIES ULTRACOMFORT PROMO | F37: M68,G60,XG52,XXG50 | G37: =_xlfn.XLOOKUP(Tabla13[[#This Row],[ID]],BAJADA!$I:$I,BAJADA!$K:$K,"error",1) -> 19800
A38: 3330 | C38: PANTS | D38: =_xlfn.XLOOKUP(Tabla13[[#This Row],[ID]],BAJADA!$I:$I,BAJADA!$B:$B,"error",1) -> 7896007552719 | E38: HUGGIES PANTS NATURAL CARE | F38: XG56,XXG52 | G38: =_xlfn.XLOOKUP(Tabla13[[#This Row],[ID]],BAJADA!$I:$I,BAJADA!$K:$K,"error",1) -> 27834.453
A39: 1126 | B39: PAMPERS | C39: DELUXE | D39: =_xlfn.XLOOKUP(Tabla13[[#This Row],[ID]],BAJADA!$I:$I,BAJADA!$B:$B,"error",1) -> 7500435237574 | E39: PAMPERS DELUXE MES | F39: G110,XG96,XXG88 | G39: =_xlfn.XLOOKUP(Tabla13[[#This Row],[ID]],BAJADA!$I:$I,BAJADA!$K:$K,"error",1) -> 44600
A40: 1117 | D40: =_xlfn.XLOOKUP(Tabla13[[#This Row],[ID]],BAJADA!$I:$I,BAJADA!$B:$B,"error",1) -> 7500435237543 | E40: PAMPERS DELUXE PROMO | F40: M72,G72,XG58,XXG54 | G40: =_xlfn.XLOOKUP(Tabla13[[#This Row],[ID]],BAJADA!$I:$I,BAJADA!$K:$K,"error",1) -> 29400
A41: 1039 | D41: =_xlfn.XLOOKUP(Tabla13[[#This Row],[ID]],BAJADA!$I:$I,BAJADA!$B:$B,"error",1) -> 7500435237611 | E41: PAMPERS DELUXE PEQ. 36U | G41: =_xlfn.XLOOKUP(Tabla13[[#This Row],[ID]],BAJADA!$I:$I,BAJADA!$K:$K,"error",1) -> 15500
A42: 1319 | D42: =_xlfn.XLOOKUP(Tabla13[[#This Row],[ID]],BAJADA!$I:$I,BAJADA!$B:$B,"error",1) -> 7500435237659 | E42: PAMPERS DELUXE RN+ 56U | G42: =_xlfn.XLOOKUP(Tabla13[[#This Row],[ID]],BAJADA!$I:$I,BAJADA!$K:$K,"error",1) -> 21200
A43: 4174 | C43: PANTS | D43: =_xlfn.XLOOKUP(Tabla13[[#This Row],[ID]],BAJADA!$I:$I,BAJADA!$B:$B,"error",1) -> 7500435189576 | E43: PAMPERS PREMIUM PANTS HIPERPACK | F43: G30,XG26,XXG24 | G43: =_xlfn.XLOOKUP(Tabla13[[#This Row],[ID]],BAJADA!$I:$I,BAJADA!$K:$K,"error",1) -> 17500
A44: 4175 | D44: =_xlfn.XLOOKUP(Tabla13[[#This Row],[ID]],BAJADA!$I:$I,BAJADA!$B:$B,"error",1) -> 7500435189644 | E44: PAMPERS PREMIUM PANTS PROMOPACK | F44: G64,XG52,XXG52 | G44: =_xlfn.XLOOKUP(Tabla13[[#This Row],[ID]],BAJADA!$I:$I,BAJADA!$K:$K,"error",1) -> 30900
A45: 1112 | C45: BABYDRY | D45: =_xlfn.XLOOKUP(Tabla13[[#This Row],[ID]],BAJADA!$I:$I,BAJADA!$B:$B,"error",1) -> 7500435228688 | E45: PAMPERS BABYDRY MES | F45: G110,XG96,XXG88 | G45: =_xlfn.XLOOKUP(Tabla13[[#This Row],[ID]],BAJADA!$I:$I,BAJADA!$K:$K,"error",1) -> 38450
A46: 1109 | D46: =_xlfn.XLOOKUP(Tabla13[[#This Row],[ID]],BAJADA!$I:$I,BAJADA!$B:$B,"error",1) -> 7500435228718 | E46: PAMPERS BABYDRY PROMO | F46: M72,G72,XG58,XXG54 | G46: =_xlfn.XLOOKUP(Tabla13[[#This Row],[ID]],BAJADA!$I:$I,BAJADA!$K:$K,"error",1) -> 24100
A47: 1040 | D47: =_xlfn.XLOOKUP(Tabla13[[#This Row],[ID]],BAJADA!$I:$I,BAJADA!$B:$B,"error",1) -> 7500435228756 | E47: PAMPERS BABYDRY PEQ. 56U | G47: =_xlfn.XLOOKUP(Tabla13[[#This Row],[ID]],BAJADA!$I:$I,BAJADA!$K:$K,"error",1) -> 16300
A48: 1321 | D48: =_xlfn.XLOOKUP(Tabla13[[#This Row],[ID]],BAJADA!$I:$I,BAJADA!$B:$B,"error",1) -> 7500435230513 | E48: PAMPERS BABYDRY RN+ 36U | G48: =_xlfn.XLOOKUP(Tabla13[[#This Row],[ID]],BAJADA!$I:$I,BAJADA!$K:$K,"error",1) -> 12040
A49: 1120 | C49: BABYSAN | D49: =_xlfn.XLOOKUP(Tabla13[[#This Row],[ID]],BAJADA!$I:$I,BAJADA!$B:$B,"error",1) -> 7500435228534 | E49: PAMPERS BABYSAN HIPER | F49: M72,G72,XG58,XXG54 | G49: =_xlfn.XLOOKUP(Tabla13[[#This Row],[ID]],BAJADA!$I:$I,BAJADA!$K:$K,"error",1) -> 19400
A50: 1051 | D50: =_xlfn.XLOOKUP(Tabla13[[#This Row],[ID]],BAJADA!$I:$I,BAJADA!$B:$B,"error",1) -> 7500435228657 | E50: PAMPERS BABYSAN REGULAR | F50: P12,M10,G9,XG8,XXG8 | G50: =_xlfn.XLOOKUP(Tabla13[[#This Row],[ID]],BAJADA!$I:$I,BAJADA!$K:$K,"error",1) -> 3136.441
A51: 1041 | D51: =_xlfn.XLOOKUP(Tabla13[[#This Row],[ID]],BAJADA!$I:$I,BAJADA!$B:$B,"error",1) -> 7500435230506 | E51: PAMPERS BABYSAN PEQ. 52U | G51: =_xlfn.XLOOKUP(Tabla13[[#This Row],[ID]],BAJADA!$I:$I,BAJADA!$K:$K,"error",1) -> 12647.25
A52: 1165 | B52: PAÑALES AGUA | D52: =_xlfn.XLOOKUP(Tabla13[[#This Row],[ID]],BAJADA!$I:$I,BAJADA!$B:$B,"error",1) -> 7896007552214 | E52: HUGGIES LITTLE SWIMMERS AGUA | F52: P-M11U,M-G10U,G-XG10U | G52: =_xlfn.XLOOKUP(Tabla13[[#This Row],[ID]],BAJADA!$I:$I,BAJADA!$K:$K,"error",1) -> 10990
A53: 4178 | D53: =_xlfn.XLOOKUP(Tabla13[[#This Row],[ID]],BAJADA!$I:$I,BAJADA!$B:$B,"error",1) -> 7500435157537 | E53: PAMPERS SPLASHERS AGUA BABYSHARK (SIN STOCK) | F53: P/M12,G11,XG10 | G53: =_xlfn.XLOOKUP(Tabla13[[#This Row],[ID]],BAJADA!$I:$I,BAJADA!$K:$K,"error",1) -> 10719.5
A54: 1154 | B54: COMODIN ADULTOS | C54: PAÑALES RECTOS | D54: =_xlfn.XLOOKUP(Tabla13[[#This Row],[ID]],BAJADA!$I:$I,BAJADA!$B:$B,"error",1) -> 7791229152948 | E54: COMODIN RECTO BASICO G50 | G54: =_xlfn.XLOOKUP(Tabla13[[#This Row],[ID]],BAJADA!$I:$I,BAJADA!$K:$K,"error",1) -> 16399.899
A55: 1155 | D55: =_xlfn.XLOOKUP(Tabla13[[#This Row],[ID]],BAJADA!$I:$I,BAJADA!$B:$B,"error",1) -> 7791229152955 | E55: COMODIN RECTO BASICO EG50 | G55: =_xlfn.XLOOKUP(Tabla13[[#This Row],[ID]],BAJADA!$I:$I,BAJADA!$K:$K,"error",1) -> 17299.142
A56: 1139 | D56: =_xlfn.XLOOKUP(Tabla13[[#This Row],[ID]],BAJADA!$I:$I,BAJADA!$B:$B,"error",1) -> 7791229152788 | E56: COMODIN RECTO G10 | G56: =_xlfn.XLOOKUP(Tabla13[[#This Row],[ID]],BAJADA!$I:$I,BAJADA!$K:$K,"error",1) -> 3738.2108
A57: 1138 | D57: =_xlfn.XLOOKUP(Tabla13[[#This Row],[ID]],BAJADA!$I:$I,BAJADA!$B:$B,"error",1) -> 7791229152856 | E57: COMODIN RECTO EG 10U | G57: =_xlfn.XLOOKUP(Tabla13[[#This Row],[ID]],BAJADA!$I:$I,BAJADA!$K:$K,"error",1) -> 3998.4498
A58: 1140 | D58: =_xlfn.XLOOKUP(Tabla13[[#This Row],[ID]],BAJADA!$I:$I,BAJADA!$B:$B,"error",1) -> 7791229153235 | E58: COMODIN RECTO EEG10 | G58: =_xlfn.XLOOKUP(Tabla13[[#This Row],[ID]],BAJADA!$I:$I,BAJADA!$K:$K,"error",1) -> 4598.7899
A59: 1911 | D59: =_xlfn.XLOOKUP(Tabla13[[#This Row],[ID]],BAJADA!$I:$I,BAJADA!$B:$B,"error",1) -> 7791229000089 | E59: COMODIN RECTO G20 CLASICO | G59: =_xlfn.XLOOKUP(Tabla13[[#This Row],[ID]],BAJADA!$I:$I,BAJADA!$K:$K,"error",1) -> 7476.4216
A60: 1151 | D60: =_xlfn.XLOOKUP(Tabla13[[#This Row],[ID]],BAJADA!$I:$I,BAJADA!$B:$B,"error",1) -> 7791229008054 | E60: COMODIN RECTO EG20 CLASICO | G60: =_xlfn.XLOOKUP(Tabla13[[#This Row],[ID]],BAJADA!$I:$I,BAJADA!$K:$K,"error",1) -> 7996.8861
A61: 1150 | D61: =_xlfn.XLOOKUP(Tabla13[[#This Row],[ID]],BAJADA!$I:$I,BAJADA!$B:$B,"error",1) -> 7791229153150 | E61: COMODIN RECTO EEG 20 | G61: =_xlfn.XLOOKUP(Tabla13[[#This Row],[ID]],BAJADA!$I:$I,BAJADA!$K:$K,"error",1) -> 9197.5798
A62: 1157 | D62: =_xlfn.XLOOKUP(Tabla13[[#This Row],[ID]],BAJADA!$I:$I,BAJADA!$B:$B,"error",1) -> 7791229153174 | E62: COMODIN RECTO CLASICO G50 | G62: =_xlfn.XLOOKUP(Tabla13[[#This Row],[ID]],BAJADA!$I:$I,BAJADA!$K:$K,"error",1) -> 18669.886
A63: 1156 | D63: =_xlfn.XLOOKUP(Tabla13[[#This Row],[ID]],BAJADA!$I:$I,BAJADA!$B:$B,"error",1) -> 7791229153198 | E63: COMODIN RECTO CLASICO EG50 | G63: =_xlfn.XLOOKUP(Tabla13[[#This Row],[ID]],BAJADA!$I:$I,BAJADA!$K:$K,"error",1) -> 19961.852
A64: 1163 | C64: PAÑALES ANATOMICOS | D64: =_xlfn.XLOOKUP(Tabla13[[#This Row],[ID]],BAJADA!$I:$I,BAJADA!$B:$B,"error",1) -> 7791229003073 | E64: COMODIN ULTRA ELAST. G16U | G64: =_xlfn.XLOOKUP(Tabla13[[#This Row],[ID]],BAJADA!$I:$I,BAJADA!$K:$K,"error",1) -> 9878.0528
A65: 1164 | D65: =_xlfn.XLOOKUP(Tabla13[[#This Row],[ID]],BAJADA!$I:$I,BAJADA!$B:$B,"error",1) -> 7791229003080 | E65: COMODIN ULTRA ELAST. EG16 | G65: =_xlfn.XLOOKUP(Tabla13[[#This Row],[ID]],BAJADA!$I:$I,BAJADA!$K:$K,"error",1) -> 10570.56
A66: 3432 | D66: =_xlfn.XLOOKUP(Tabla13[[#This Row],[ID]],BAJADA!$I:$I,BAJADA!$B:$B,"error",1) -> 7791229000447 | E66: COMODIN ULTRA ELASTIZADO CH 10U | G66: =_xlfn.XLOOKUP(Tabla13[[#This Row],[ID]],BAJADA!$I:$I,BAJADA!$K:$K,"error",1) -> 5506.1171
A67: 3433 | D67: =_xlfn.XLOOKUP(Tabla13[[#This Row],[ID]],BAJADA!$I:$I,BAJADA!$B:$B,"error",1) -> 7791229152917 | E67: COMODIN ULTRA ELASTIZADO M 8U | G67: =_xlfn.XLOOKUP(Tabla13[[#This Row],[ID]],BAJADA!$I:$I,BAJADA!$K:$K,"error",1) -> 4730.858
A68: 3457 | D68: =_xlfn.XLOOKUP(Tabla13[[#This Row],[ID]],BAJADA!$I:$I,BAJADA!$B:$B,"error",1) -> 7791229152924 | E68: COMODIN ULTRA ELAST. G 8U | G68: =_xlfn.XLOOKUP(Tabla13[[#This Row],[ID]],BAJADA!$I:$I,BAJADA!$K:$K,"error",1) -> 4939.704
A69: 3458 | D69: =_xlfn.XLOOKUP(Tabla13[[#This Row],[ID]],BAJADA!$I:$I,BAJADA!$B:$B,"error",1) -> 7791229152931 | E69: COMODIN ULTRA ELAST. XG 8U | G69: =_xlfn.XLOOKUP(Tabla13[[#This Row],[ID]],BAJADA!$I:$I,BAJADA!$K:$K,"error",1) -> 5285.28
A70: 1142 | C70: APOSITOS | D70: =_xlfn.XLOOKUP(Tabla13[[#This Row],[ID]],BAJADA!$I:$I,BAJADA!$B:$B,"error",1) -> 7791229153068 | E70: COMODIN APOSITO INC EG20 | G70: =_xlfn.XLOOKUP(Tabla13[[#This Row],[ID]],BAJADA!$I:$I,BAJADA!$K:$K,"error",1) -> 5853.1088
A71: 1507 | D71: =_xlfn.XLOOKUP(Tabla13[[#This Row],[ID]],BAJADA!$I:$I,BAJADA!$B:$B,"error",1) -> 7791229000010 | E71: COMODIN APOSITO INC EG10 | G71: =_xlfn.XLOOKUP(Tabla13[[#This Row],[ID]],BAJADA!$I:$I,BAJADA!$K:$K,"error",1) -> 2927.232
A72: 1450 | D72: =_xlfn.XLOOKUP(Tabla13[[#This Row],[ID]],BAJADA!$I:$I,BAJADA!$B:$B,"error",1) -> 7791229001673 | E72: COMODIN APOSITO INC G20 | G72: =_xlfn.XLOOKUP(Tabla13[[#This Row],[ID]],BAJADA!$I:$I,BAJADA!$K:$K,"error",1) -> 3833.9092
A73: 3910 | D73: =_xlfn.XLOOKUP(Tabla13[[#This Row],[ID]],BAJADA!$I:$I,BAJADA!$B:$B,"error",1) -> 7791229000027 | E73: COMODIN APOSITO INC G10 | G73: =_xlfn.XLOOKUP(Tabla13[[#This Row],[ID]],BAJADA!$I:$I,BAJADA!$K:$K,"error",1) -> 1916.9546
A74: 1474 | D74: =_xlfn.XLOOKUP(Tabla13[[#This Row],[ID]],BAJADA!$I:$I,BAJADA!$B:$B,"error",1) -> 7791229000928 | E74: COMODIN APOSITO INC M10 | G74: =_xlfn.XLOOKUP(Tabla13[[#This Row],[ID]],BAJADA!$I:$I,BAJADA!$K:$K,"error",1) -> 1793.22
A75: 1141 | D75: =_xlfn.XLOOKUP(Tabla13[[#This Row],[ID]],BAJADA!$I:$I,BAJADA!$B:$B,"error",1) -> 7791229153006 | E75: COMODIN REFUERZA EG20 | G75: =_xlfn.XLOOKUP(Tabla13[[#This Row],[ID]],BAJADA!$I:$I,BAJADA!$K:$K,"error",1) -> 5458.8545
A76: 2502 | D76: =_xlfn.XLOOKUP(Tabla13[[#This Row],[ID]],BAJADA!$I:$I,BAJADA!$B:$B,"error",1) -> 7791229153013 | E76: COMODIN REFUERZA EG10 | G76: =_xlfn.XLOOKUP(Tabla13[[#This Row],[ID]],BAJADA!$I:$I,BAJADA!$K:$K,"error",1) -> 2730.123
A77: 1144 | D77: =_xlfn.XLOOKUP(Tabla13[[#This Row],[ID]],BAJADA!$I:$I,BAJADA!$B:$B,"error",1) -> 7791229001796 | E77: COMODIN REFUERZA G20 | G77: =_xlfn.XLOOKUP(Tabla13[[#This Row],[ID]],BAJADA!$I:$I,BAJADA!$K:$K,"error",1) -> 3729.5104
A78: 2735 | D78: =_xlfn.XLOOKUP(Tabla13[[#This Row],[ID]],BAJADA!$I:$I,BAJADA!$B:$B,"error",1) -> 7791229153020 | E78: COMODIN REFUERZA G10 | G78: =_xlfn.XLOOKUP(Tabla13[[#This Row],[ID]],BAJADA!$I:$I,BAJADA!$K:$K,"error",1) -> 1997.952
A79: 1143 | D79: =_xlfn.XLOOKUP(Tabla13[[#This Row],[ID]],BAJADA!$I:$I,BAJADA!$B:$B,"error",1) -> 7791229000935 | E79: COMODIN REFUERZA M10 | G79: =_xlfn.XLOOKUP(Tabla13[[#This Row],[ID]],BAJADA!$I:$I,BAJADA!$K:$K,"error",1) -> 1688.6155
A80: 1145 | D80: =_xlfn.XLOOKUP(Tabla13[[#This Row],[ID]],BAJADA!$I:$I,BAJADA!$B:$B,"error",1) -> 7791229000034 | E80: COMODIN ZALEAS 10U | G80: =_xlfn.XLOOKUP(Tabla13[[#This Row],[ID]],BAJADA!$I:$I,BAJADA!$K:$K,"error",1) -> 5395.0512
A81: 1323 | D81: =_xlfn.XLOOKUP(Tabla13[[#This Row],[ID]],BAJADA!$I:$I,BAJADA!$B:$B,"error",1) -> 7791229000522 | E81: COMODIN BOMBACHA PLASTICA | F81: T1,T2,T3,T4 | G81: =_xlfn.XLOOKUP(Tabla13[[#This Row],[ID]],BAJADA!$I:$I,BAJADA!$K:$K,"error",1) -> 7491.9473
A82: 513 | C82: HIGIENE ADULTOS | D82: =_xlfn.XLOOKUP(Tabla13[[#This Row],[ID]],BAJADA!$I:$I,BAJADA!$B:$B,"error",1) -> 7791229153136 | E82: PRACTI BAÑO COMODIN 10U | G82: =_xlfn.XLOOKUP(Tabla13[[#This Row],[ID]],BAJADA!$I:$I,BAJADA!$K:$K,"error",1) -> 2532.9475
A83: 3391 | D83: =_xlfn.XLOOKUP(Tabla13[[#This Row],[ID]],BAJADA!$I:$I,BAJADA!$B:$B,"error",1) -> 7791229000072 | E83: TOALLA HUMEDA COMODIN 60U ADULTOS | G83: =_xlfn.XLOOKUP(Tabla13[[#This Row],[ID]],BAJADA!$I:$I,BAJADA!$K:$K,"error",1) -> 5772.3443
A84: 1159 | B84: PROMISE | D84: =_xlfn.XLOOKUP(Tabla13[[#This Row],[ID]],BAJADA!$I:$I,BAJADA!$B:$B,"error",1) -> 7798350080836 | E84: PROMISE PREMIUM 8U | F84: P/M,G/XG | G84: =_xlfn.XLOOKUP(Tabla13[[#This Row],[ID]],BAJADA!$I:$I,BAJADA!$K:$K,"error",1) -> 5983.45
A85: 1160 | D85: =_xlfn.XLOOKUP(Tabla13[[#This Row],[ID]],BAJADA!$I:$I,BAJADA!$B:$B,"error",1) -> 7798350080812 | E85: PROMISE COMFORT 8U | F85: P/M,G/XG | G85: =_xlfn.XLOOKUP(Tabla13[[#This Row],[ID]],BAJADA!$I:$I,BAJADA!$K:$K,"error",1) -> 5566
A86: 1162 | D86: =_xlfn.XLOOKUP(Tabla13[[#This Row],[ID]],BAJADA!$I:$I,BAJADA!$B:$B,"error",1) -> 7798350083165 | E86: PROMISE COMFORT 16U | F86: P/M,G/XG | G86: =_xlfn.XLOOKUP(Tabla13[[#This Row],[ID]],BAJADA!$I:$I,BAJADA!$K:$K,"error",1) -> 10992.85
A87: 1869 | B87: TOALLAS HUMEDAS BEBE | C87: BABYSEC | D87: =_xlfn.XLOOKUP(Tabla13[[#This Row],[ID]],BAJADA!$I:$I,BAJADA!$B:$B,"error",1) -> 7806500730958 | E87: TOALLITAS BABYSEC 50U CELESTE | G87: =_xlfn.XLOOKUP(Tabla13[[#This Row],[ID]],BAJADA!$I:$I,BAJADA!$K:$K,"error",1) -> 1557.27
A88: 1870 | D88: =_xlfn.XLOOKUP(Tabla13[[#This Row],[ID]],BAJADA!$I:$I,BAJADA!$B:$B,"error",1) -> 7806500730972 | E88: TOA BABYSEC 3X50 TRIPACK CELESTE | G88: =_xlfn.XLOOKUP(Tabla13[[#This Row],[ID]],BAJADA!$I:$I,BAJADA!$K:$K,"error",1) -> 4312.44
A89: 2657 | D89: =_xlfn.XLOOKUP(Tabla13[[#This Row],[ID]],BAJADA!$I:$I,BAJADA!$B:$B,"error",1) -> 7806500730514 | E89: TOA BABYSEC PREMIUM 50 U C/TAPA | G89: =_xlfn.XLOOKUP(Tabla13[[#This Row],[ID]],BAJADA!$I:$I,BAJADA!$K:$K,"error",1) -> 1785.4155
A90: 3507 | C90: BELABIN | D90: =_xlfn.XLOOKUP(Tabla13[[#This Row],[ID]],BAJADA!$I:$I,BAJADA!$B:$B,"error",1) -> 7730902952529 | E90: TOA HUMEDAS BELABIN 100U DOYPACK (SIN STOCK) | G90: =_xlfn.XLOOKUP(Tabla13[[#This Row],[ID]],BAJADA!$I:$I,BAJADA!$K:$K,"error",1) -> 849.58895
A91: 1833 | C91: CANDY | D91: =_xlfn.XLOOKUP(Tabla13[[#This Row],[ID]],BAJADA!$I:$I,BAJADA!$B:$B,"error",1) -> 7798269140225 | E91: TOA. HUM. CANDY DP. CLAS 50 U VIT E | G91: =_xlfn.XLOOKUP(Tabla13[[#This Row],[ID]],BAJADA!$I:$I,BAJADA!$K:$K,"error",1) -> 880
A92: 583 | D92: =_xlfn.XLOOKUP(Tabla13[[#This Row],[ID]],BAJADA!$I:$I,BAJADA!$B:$B,"error",1) -> 7798269140195 | E92: TOA. HUM. CANDY DP PREM. MANZ 50U | G92: =_xlfn.XLOOKUP(Tabla13[[#This Row],[ID]],BAJADA!$I:$I,BAJADA!$K:$K,"error",1) -> 1075.0545
A93: 1412 | C93: ESTRELLA | D93: =_xlfn.XLOOKUP(Tabla13[[#This Row],[ID]],BAJADA!$I:$I,BAJADA!$B:$B,"error",1) -> 7790064104679 | E93: ESTRELLA TOALL. HUM. CUIDADO 50 U | G93: =_xlfn.XLOOKUP(Tabla13[[#This Row],[ID]],BAJADA!$I:$I,BAJADA!$K:$K,"error",1) -> 2202.7445
A94: 1528 | C94: KIMBIES | D94: =_xlfn.XLOOKUP(Tabla13[[#This Row],[ID]],BAJADA!$I:$I,BAJADA!$B:$B,"error",1) -> 7794626012525 | E94: TOALLITAS KIMBIES 48U | G94: =_xlfn.XLOOKUP(Tabla13[[#This Row],[ID]],BAJADA!$I:$I,BAJADA!$K:$K,"error",1) -> 1947.253
A95: 563 | C95: HUGGIES | D95: =_xlfn.XLOOKUP(Tabla13[[#This Row],[ID]],BAJADA!$I:$I,BAJADA!$B:$B,"error",1) -> 7794626011023 | E95: TOA HUGGIES AMARILLAS 48U | G95: =_xlfn.XLOOKUP(Tabla13[[#This Row],[ID]],BAJADA!$I:$I,BAJADA!$K:$K,"error",1) -> 3314.19
A96: 561 | D96: =_xlfn.XLOOKUP(Tabla13[[#This Row],[ID]],BAJADA!$I:$I,BAJADA!$B:$B,"error",1) -> 7794626013225 | E96: TOA. HUM. HUGGIES 48U PROTECT PLUS | G96: =_xlfn.XLOOKUP(Tabla13[[#This Row],[ID]],BAJADA!$I:$I,BAJADA!$K:$K,"error",1) -> 3640.164
A97: 1901 | D97: =_xlfn.XLOOKUP(Tabla13[[#This Row],[ID]],BAJADA!$I:$I,BAJADA!$B:$B,"error",1) -> 7794626011078 | E97: TOA HUGGIES OLEO CALCAREO 48U | G97: =_xlfn.XLOOKUP(Tabla13[[#This Row],[ID]],BAJADA!$I:$I,BAJADA!$K:$K,"error",1) -> 7589.12
A98: 1902 | D98: =_xlfn.XLOOKUP(Tabla13[[#This Row],[ID]],BAJADA!$I:$I,BAJADA!$B:$B,"error",1) -> 7794626011085 | E98: TOA HUGGIES OLEO CALCAREO 80U | G98: =_xlfn.XLOOKUP(Tabla13[[#This Row],[ID]],BAJADA!$I:$I,BAJADA!$K:$K,"error",1) -> 11519.2
A99: 1905 | D99: =_xlfn.XLOOKUP(Tabla13[[#This Row],[ID]],BAJADA!$I:$I,BAJADA!$B:$B,"error",1) -> 7794626013973 | E99: TOA HUGGIES 48U DISNEY SIRENITA (SIN STOCK) | G99: =_xlfn.XLOOKUP(Tabla13[[#This Row],[ID]],BAJADA!$I:$I,BAJADA!$K:$K,"error",1) -> 3896.2
A100: 1906 | D100: =_xlfn.XLOOKUP(Tabla13[[#This Row],[ID]],BAJADA!$I:$I,BAJADA!$B:$B,"error",1) -> 7794626013980 | E100: TOA HUGGIES X80 DISNEY SIRENITA (SIN STOCK) | G100: =_xlfn.XLOOKUP(Tabla13[[#This Row],[ID]],BAJADA!$I:$I,BAJADA!$K:$K,"error",1) -> 4849.3775
A101: 578 | D101: =_xlfn.XLOOKUP(Tabla13[[#This Row],[ID]],BAJADA!$I:$I,BAJADA!$B:$B,"error",1) -> 7794626011092 | E101: TOA HUGGIES PURO Y NAT. 48U C/T | G101: =_xlfn.XLOOKUP(Tabla13[[#This Row],[ID]],BAJADA!$I:$I,BAJADA!$K:$K,"error",1) -> 5566
...

Sheet BAJADA
A1: Código Interno | B1: Código de Barras | C1: Producto | D1: Marca | E1: Categoría | F1: Neto | G1: Final | H1: Moneda | I1: id | J1: MAYORISTA (NETO) | K1: MAYORISTA (FINAL)
B2: 7798047032537 | C2: REPELENTE AEROSOL 911 150ML | D2: 911 | E2: PERFUMERIA | F2: 3206.6116 | G2: 3880 | H2: $ | I2: 3864 | J2: 2556.45 | K2: 3093.3045
B3: 7798047033114 | C3: REPELENTE AEROSOL 911 150ML | D3: 911 | E3: PERFUMERIA | F3: 3880 | G3: 3880 | H3: $ | I3: 5755 | J3: 2990 | K3: 2990
B4: 7790990002971 | C4: ACE 1400ML DOYPACK | D4: ACE | E4: LIMPIEZA | F4: 3504.1322 | G4: 4240 | H4: $ | I4: 5084 | J4: 3125 | K4: 3781.25
B5: 7790990002964 | C5: ACE DOYPACK 800ML CLASICO | D5: ACE | E5: LIMPIEZA | F5: 2239.6694 | G5: 2710 | H5: $ | I5: 5089 | J5: 1998.75 | K5: 2418.4875
B6: 7790990003008 | C6: ACE JAB LIQ 800ML BOT CLASICO | D6: ACE | E6: LIMPIEZA | F6: 2371.9008 | G6: 2870 | H6: $ | I6: 4597 | J6: 2117.5 | K6: 2562.175
B7: 7790990002926 | C7: ACE MATIC POLVO 800GRS | D7: ACE | E7: LIMPIEZA | F7: 2024.7934 | G7: 2450 | H7: $ | I7: 5646 | J7: 1803.75 | K7: 2182.5375
B8: 7790990002858 | C8: ACE PARA DILUIR 500ML BOTELLA | D8: ACE | E8: LIMPIEZA | F8: 5256.1983 | G8: 6360 | H8: $ | I8: 5012 | J8: 4687.5 | K8: 5671.875
B9: 7790990002957 | C9: ACE POLVO 3KG A MANO | D9: ACE | E9: LIMPIEZA | F9: 7454.5455 | G9: 9020 | H9: $ | I9: 5069 | J9: 6655 | K9: 8052.55
B10: 7790990002902 | C10: ACE POLVO 3KG MATIC | D10: ACE | E10: LIMPIEZA | F10: 7454.5455 | G10: 9020 | H10: $ | I10: 5068 | J10: 6655 | K10: 8052.55
B11: 7790990002933 | C11: ACE POLVO 400GRS LAV A MANO | D11: ACE | E11: LIMPIEZA | F11: 884.29752 | G11: 1070 | H11: $ | I11: 5088 | J11: 782.5 | K11: 946.825
B12: 7790990002919 | C12: ACE POLVO 400GRS MATIC | D12: ACE | E12: LIMPIEZA | F12: 884.29752 | G12: 1070 | H12: $ | I12: 5087 | J12: 782.5 | K12: 946.825
B13: 7790990002940 | C13: ACE POLVO LAV A MANO 800GRS | D13: ACE | E13: LIMPIEZA | F13: 2024.7934 | G13: 2450 | H13: $ | I13: 5647 | J13: 1803.75 | K13: 2182.5375
B14: 7796285288983 | C14: ADERMICINA ANTIARRUGA 90GR CREMA FACIAL | D14: ADERMICINA | E14: PERFUMERIA | F14: 2719.0083 | G14: 3290 | H14: $ | I14: 1859 | J14: 2080.35 | K14: 2517.2235
B15: 7796285289003 | C15: ADERMICINA HUMECTANTE 90GR CREMA FACIAL | D15: ADERMICINA | E15: PERFUMERIA | F15: 2719.0083 | G15: 3290 | H15: $ | I15: 1858 | J15: 2080.35 | K15: 2517.2235
... B592: 04849 | C592: ACOLCHADO DUMOY C/BOLSA MANIJA 2 1/2 ART | D592: BILBAO | E592: BLANQUERIA | F592: 26900 | G592: 26900 | H592: $ | I592: 4849 | J592: 21275 | K592: 21275
A593: 4205 | B593: 8537543870408 | C593: ALFOMBRA BAÑO ANTIDESLIZANTE PVC | D593: BILBAO | E593: BLANQUERIA | F593: 4550 | G593: 4550 | H593: $ | I593: 2392 | J593: 3737.5 | K593: 3737.5
B594: 736684277475 | C594: ALFOMBRA CRUDA ESTAMPADA | D594: BILBAO | E594: BLANQUERIA | F594: 2350 | G594: 2350 | H594: $ | I594: 2391 | J594: 2012.4 | K594: 2012.4
B595: 7586475664129 | C595: ALFOMBRA INFANTIL RECTANGULAR Y FORMAS | D595: BILBAO | E595: BLANQUERIA | F595: 6160 | G595: 6160 | H595: $ | I595: 3882 | J595: 5060 | K595: 5060
B596: 02398 | C596: ALFOMBRA SHAGGY RECTANGULAR/REDONDA | D596: BILBAO | E596: BLANQUERIA | F596: 5603.3058 | G596: 6780 | H596: $ | I596: 2398 | J596: 4600 | K596: 5566
B597: 7798156621349 | C597: ALMOHADA 70X40 PREMIUM DORMICLASS | D597: BILBAO | E597: BLANQUERIA | F597: 16440 | G597: 16440 | H597: $ | I597: 4061 | J597: 13501 | K597: 13501
B598: 7798156621325 | C598: ALMOHADA DORMICLASS CLASICA 70 X 40 | D598: BILBAO | E598: BLANQUERIA | F598: 11880 | G598: 11880 | H598: $ | I598: 4214 | J598: 9757.75 | K598: 9757.75
B599: 7798156621431 | C599: ALMOHADA DORMICLASS VISCO INTELIGENTE | D599: BILBAO | E599: BLANQUERIA | F599: 29450 | G599: 29450 | H599: $ | I599: 5045 | J599: 26047.5 | K599: 26047.5
B600: 04411 | C600: ALMOHADA DUMOY INICIA | D600: BILBAO | E600: BLANQUERIA | F600: 6300 | G600: 6300 | H600: $ | I600: 4411 | J600: 5175 | K600: 5175
B601: 03885 | C601: ALMOHADA VISCOELASTICA DUMOY | D601: BILBAO | E601: BLANQUERIA | F601: 18300 | G601: 18300 | H601: $ | I601: 3885 | J601: 15582.5 | K601: 15582.5
B602: 03868 | C602: BOMBACHA CULOTE DOCENA COD 403 | D602: BILBAO | E602: BLANQUERIA | F602: 17900 | G602: 17900 | H602: $ | I602: 3868 | J602: 15237.5 | K602: 15237.5
B603: 03557 | C603: CAMPERA IMPORTADA INFLABLE ADULTO | D603: BILBAO | E603: BLANQUERIA | F603: 16140 | G603: 16140 | H603: $ | I603: 3557 | J603: 14999 | K603: 14999
B604: 03095 | C604: CAMPERA NIÑO/A INFLABLE | D604: BILBAO | E604: BLANQUERIA | F604: 8400 | G604: 8400 | H604: $ | I604: 3095 | J604: 6900 | K604: 6900
B605: 05044 | C605: CORTINA AMBIENTE TROPICAL C/GOBELINO | D605: BILBAO | E605: BLANQUERIA | F605: 16300 | G605: 16300 | H605: $ | I605: 5044 | J605: 13363 | K605: 13363
... B635: f742/1 | C635: PACK FUNDAS MULTIAGUJAS LOUISIANA | D635: BILBAO | E635: BLANQUERIA | F635: 7660 | G635: 7660 | H635: $ | I635: 3524 | J635: 6520.5 | K635: 6520.5
A636: 4743 | B636: 6935820080823 | C636: PAÑO ESCURRIDOR DE VAJILLAS | D636: BILBAO | E636: BLANQUERIA | F636: 5620 | G636: 5620 | H636: $ | I636: 2390 | J636: 4450.5 | K636: 4450.5
B637: 7798177030014 | C637: PROTECTOR BAÑO 50 MICRONES DUMOY | D637: BILBAO | E637: BLANQUERIA | F637: 3130 | G637: 3130 | H637: $ | I637: 4217 | J637: 2565.65 | K637: 2565.65
B638: 04445 | C638: REPASADOR ALGODON CON FLECOS | D638: BILBAO | E638: BLANQUERIA | F638: 950 | G638: 950 | H638: $ | I638: 4445 | J638: 701.5 | K638: 701.5
A639: 15465 | B639: BLA.BIL.02379 | C639: REPASADOR CARACAS | D639: BILBAO | E639: BLANQUERIA | F639: 950 | G639: 950 | H639: $ | I639: 2379 | J639: 724.5 | K639: 724.5
B640: BLA.BIL.02380 | C640: REPASADOR CORAZON | D640: BILBAO | E640: BLANQUERIA | F640: 1550 | G640: 1550 | H640: $ | I640: 2380 | J640: 1265 | K640: 1265
B641: 04446 | C641: REPASADOR ESCOCES SURTIDOS DISEÑOS | D641: BILBAO | E641: BLANQUERIA | F641: 1700 | G641: 1700 | H641: $ | I641: 4446 | J641: 1322.5 | K641: 1322.5
B642: 7794170054163 | C642: REPASADOR FANTASIA CUADROS 40X60 | D642: BILBAO | E642: BLANQUERIA | F642: 2660 | G642: 2660 | H642: $ | I642: 4062 | J642: 2185 | K642: 2185
B643: 8901281342563 | C643: REPASADOR INDU 100% ALGODON | D643: BILBAO | E643: BLANQUERIA | F643: 1880 | G643: 1880 | H643: $ | I643: 2381 | J643: 1536.4 | K643: 1536.4
B644: 04444 | C644: REPASADOR PICO DULCE | D644: BILBAO | E644: BLANQUERIA | F644: 1250 | G644: 1250 | H644: $ | I644: 4444 | J644: 1012 | K644: 1012
B645: 02386 | C645: SABANA 1 1/2 AJUST MICROFIBRA 70GRS | D645: BILBAO | E645: BLANQUERIA | F645: 4850 | G645: 4850 | H645: $ | I645: 2386 | J645: 3979 | K645: 3979
B646: 02387 | C646: SABANA 2 1/2 AJUST MICROFIBRA 70GRS | D646: BILBAO | E646: BLANQUERIA | F646: 5910 | G646: 5910 | H646: $ | I646: 2387 | J646: 4853 | K646: 4853
B647: 05125 | C647: SABANA LINEAR HOGAR (PREMIUM) 1 1/2 | D647: BILBAO | E647: BLANQUERIA | F647: 12070 | G647: 12070 | H647: $ | I647: 5125 | J647: 9907.25 | K647: 9907.25
B648: 05126 | C648: SABANA LINEAR HOGAR (PREMIUM) 2 1/2 | D648: BILBAO | E648: BLANQUERIA | F648: 14700 | G648: 14700 | H648: $ | I648: 5126 | J648: 12075 | K648: 12075
B649: 8542/ksh40 | C649: SABANA MULTIAGUJAS 90GRS MICROFIB LOUISANA KING | D649: BILBAO | E649: BLANQUERIA | F649: 27400 | G649: 27400 | H649: $ | I649: 3883 | J649: 23299 | K649: 23299
B650: 8542/qh30 | C650: SABANA MULTIAGUJAS 90GRS MICROFIB LOUISANA QUEEN | D650: BILBAO | E650: BLANQUERIA | F650: 25200 | G650: 25200 | H650: $ | I650: 3884 | J650: 21459 | K650: 21459
B651: 03879 | C651: SABANAS 1 1/2 INFANTIL (CLASE A) | D651: BILBAO | E651: BLANQUERIA | F651: 8150 | G651: 8150 | H651: $ | I651: 3879 | J651: 6693 | K651: 6693
... B658: 04850 | C658: SABANAS TERRENAL/DUMOY 600 HILOS TWIN 1 1/2 | D658: BILBAO | E658: BLANQUERIA | F658: 19170 | G658: 19170 | H658: $ | I658: 4850 | J658: 15743.5 | K658: 15743.5
A659: 15385 | B659: 635635943271 | C659: SABANAS TERRENAL/MENUNCHAS 90GRS KING | D659: BILBAO | E659: BLANQUERIA | F659: 21350 | G659: 21350 | H659: $ | I659: 2397 | J659: 18595.5 | K659: 18595.5
B660: 02396 | C660: SABANAS TERRENAL/MENUNCHAS 90GRS QUEEN | D660: BILBAO | E660: BLANQUERIA | F660: 18890 | G660: 18890 | H660: $ | I660: 2396 | J660: 16088.5 | K660: 16088.5
A661: 15191 | B661: 02395 | C661: SABANAS TERRENAL/MENUNCHAS 90GRS TWIN | D661: BILBAO | E661: BLANQUERIA | F661: 16790 | G661: 16790 | H661: $ | I661: 2395 | J661: 13788.5 | K661: 13788.5
B662: 05046 | C662: SOQUETE ALGODON DOCENA | D662: BILBAO | E662: BLANQUERIA | F662: 4900 | G662: 4900 | H662: $ | I662: 5046 | J662: 4025 | K662: 4025
B663: 7798426420054 | C663: TOALLA ARCIEL ROSTRO 360GRS | D663: BILBAO | E663: BLANQUERIA | F663: 2520 | G663: 2520 | H663: $ | I663: 4437 | J663: 2070 | K663: 2070
B664: 04213 | C664: TOALLA COMPACTA TERRENAL SPORTS 50X35 | D664: BILBAO | E664: BLANQUERIA | F664: 2240 | G664: 2240 | H664: $ | I664: 4213 | J664: 1713.5 | K664: 1713.5
A665: 4941 | B665: 02383 | C665: TOALLA PRATA/FANTASIA LISO ROSTRO | D665: BILBAO | E665: BLANQUERIA | F665: 2750 | G665: 2750 | H665: $ | I665: 2383 | J665: 2254 | K665: 2254
B666: 7798426420122 | C666: TOALLA ROSTRO ARCIEL 420GRS | D666: BILBAO | E666: BLANQUERIA | F666: 3600 | G666: 3600 | H666: $ | I666: 4284 | J666: 2955.5 | K666: 2955.5
B667: 04282 | C667: TOALLA Y TOALLON ARCIEL 420GRS (PVC) | D667: BILBAO | E667: BLANQUERIA | F667: 12030 | G667: 12030 | H667: $ | I667: 4282 | J667: 9878.5 | K667: 9878.5
A668: 4709 | B668: 02385 | C668: TOALLA Y TOALLON PALETTE PVC JUEGO 420GRS | D668: BILBAO | E668: BLANQUERIA | F668: 11650 | G668: 11650 | H668: $ | I668: 2385 | J668: 9568 | K668: 9568
B669: 7798426420092 | C669: TOALLON BAÑO 360GRS ARCIEL | D669: BILBAO | E669: BLANQUERIA | F669: 6720 | G669: 6720 | H669: $ | I669: 4125 | J669: 5520 | K669: 5520
B670: 7798426420139 | C670: TOALLON BAÑO ARCIEL 420GRS | D670: BILBAO | E670: BLANQUERIA | F670: 7710 | G670: 7710 | H670: $ | I670: 4283 | J670: 6328.45 | K670: 6328.45
B671: 7794170053401 | C671: TOALLON FANTASIA LISO BAÑO | D671: BILBAO | E671: BLANQUERIA | F671: 7120 | G671: 7120 | H671: $ | I671: 2765 | J671: 5842 | K671: 5842
B672: 03881 | C672: TOALLON INFANTIL DISNEY 100% ALGODON | D672: BILBAO | E672: BLANQUERIA | F672: 7950 | G672: 7950 | H672: $ | I672: 3881 | J672: 6739 | K672: 6739
A673: 4442 | B673: 02384 | C673: TOALLON NAUTICAL BAÑO 500GRS ARCOIRIS | D673: BILBAO | E673: BLANQUERIA | F673: 8008.2645 | G673: 9690 | H673: $ | I673: 2384 | J673: 6578 | K673: 7959.38
A674: 4940 | B674: 02382 | C674: TOALLON PRATA LISO BAÑO | D674: BILBAO | E674: BLANQUERIA | F674: 4669.4215 | G674: 5650 | H674: $ | I674: 2382 | J674: 3834.1 | K674: 4639.261
B675: 7798368425568 | C675: TOALLON SECADO RAPIDO 70X150CM CITY | D675: BILBAO | E675: BLANQUERIA | F675: 8820 | G675: 8820 | H675: $ | I675: 4542 | J675: 7245 | K675: 7245
B676: 1234567899992 | C676: TOALLON SECADO RAPIDO TERRENAL 130X80 | D676: BILBAO | E676: BLANQUERIA | F676: 8820 | G676: 8820 | H676: $ | I676: 4063 | J676: 7245 | K676: 7245
B677: 1234567899961 | C677: TOALLON SECADO RAPIDO TERRENAL 130X80 | D677: BILBAO | E677: BLANQUERIA | F677: 8820 | G677: 8820 | H677: $ | I677: 4064 | J677: 7245 | K677: 7245
B678: 04319 | C678: PAÑAL BOLSA BLANCA PRIMERA G58 | D678: BLANCO | E678: PAÑALES | F678: 10230 | G678: 10230 | H678: $ | I678: 4319 | J678: 8499 | K678: 8499
B679: 04320 | C679: PAÑAL BOLSA BLANCA PRIMERA M62 | D679: BLANCO | E679: PAÑALES | F679: 10230 | G679: 10230 | H679: $ | I679: 4320 | J679: 8499 | K679: 8499
B680: 04318 | C680: PAÑAL BOLSA BLANCA PRIMERA XG50 | D680: BLANCO | E680: PAÑALES | F680: 10230 | G680: 10230 | H680: $ | I680: 4318 | J680: 8499 | K680: 8499
B681: 04312 | C681: PAÑAL BOLSA BLANCA PRIMERA XXG44 | D681: BLANCO | E681: PAÑALES | F681: 10230 | G681: 10230 | H681: $ | I681: 4312 | J681: 8499 | K681: 8499
B682: 7798023697415 | C682: LAVANDINA BONUX 1L | D682: BONUX | E682: LIMPIEZA | F682: 1100 | G682: 1100 | H682: $ | I682: 2746 | J682: 911.25 | K682: 911.25
B683: 7798023697422 | C683: LAVANDINA BONUX 2L CLASICA | D683: BONUX | E683: LIMPIEZA | F683: 1950 | G683: 1950 | H683: $ | I683: 2760 | J683: 1623.75 | K683: 1623.75
B684: 7796285288907 | C684: CALADRYL CORPORAL 400ML DIABETES | D684: CALADRYL | E684: PERFUMERIA | F684: 5619.8347 | G684: 6800 | H684: $ | I684: 1866 | J684: 4611.5 | K684: 5579.915
B685: 7796285288938 | C685: CALADRYL CORPORAL 400ML PIEL DESHID. | D685: CALADRYL | E685: PERFUMERIA | F685: 5619.8347 | G685: 6800 | H685: $ | I685: 1865 | J685: 4611.5 | K685: 5579.915
B686: 7796285279493 | C686: CALADRYL CORPORAL 400ML SENSIBLE | D686: CALADRYL | E686: PERFUMERIA | F686: 5619.8347 | G686: 6800 | H686: $ | I686: 1864 | J686: 4611.5 | K686: 5579.915
... B1999: 02696 | C1999: DESENGRASANTE MULTIUSO 5L | D1999: ECODELTA | E1999: SUELTO | F1999: 8810 | G1999: 8810 | H1999: $ | I1999: 2696 | J1999: 8801 | K1999: 8801
A2000: 561 | B2000: 02665 | C2000: DETERGENTE LISTO 1L | D2000: ECODELTA | E2000: SUELTO | F2000: 1520 | G2000: 1520 | H2000: $ | I2000: 2665 | J2000: 1518.4 | K2000: 1518.4
A2001: 395 | B2001: 02666 | C2001: DETERGENTE LISTO 5L | D2001: ECODELTA | E2001: SUELTO | F2001: 4670 | G2001: 4670 | H2001: $ | I2001: 2666 | J2001: 4667 | K2001: 4667
B2002: 02714 | C2002: FLIT 1 LITRO | D2002: ECODELTA | E2002: SUELTO | F2002: 7800 | G2002: 7800 | H2002: $ | I2002: 2714 | J2002: 7800 | K2002: 7800
B2003: 02715 | C2003: FLUIDO 1 LITRO | D2003: ECODELTA | E2003: SUELTO | F2003: 3900 | G2003: 3900 | H2003: $ | I2003: 2715 | J2003: 3900 | K2003: 3900
B2004: 02670 | C2004: JAB LIQ SKIP MAX 5L | D2004: ECODELTA | E2004: SUELTO | F2004: 2700 | G2004: 2700 | H2004: $ | I2004: 2670 | J2004: 2691 | K2004: 2691
A2005: 1268 | B2005: 02671 | C2005: JAB LIQUIDO ARIEL PREM 1L | D2005: ECODELTA | E2005: SUELTO | F2005: 1380 | G2005: 1380 | H2005: $ | I2005: 2671 | J2005: 1374.1 | K2005: 1374.1
B2006: 02672 | C2006: JAB LIQUIDO ARIEL PREMIUM 5L | D2006: ECODELTA | E2006: SUELTO | F2006: 3170 | G2006: 3170 | H2006: $ | I2006: 2672 | J2006: 3162.9 | K2006: 3162.9
A2007: 526 | B2007: 02667 | C2007: JAB LIQUIDO CELESTE ECO 1L | D2007: ECODELTA | E2007: SUELTO | F2007: 930 | G2007: 930 | H2007: $ | I2007: 2667 | J2007: 929.5 | K2007: 929.5
A2008: 588 | B2008: 02675 | C2008: JAB LIQUIDO ROJO POWER 1L | D2008: ECODELTA | E2008: SUELTO | F2008: 1460 | G2008: 1460 | H2008: $ | I2008: 2675 | J2008: 1457.3 | K2008: 1457.3
B2009: 02676 | C2009: JAB LIQUIDO ROJO POWER 5L | D2009: ECODELTA | E2009: SUELTO | F2009: 3980 | G2009: 3980 | H2009: $ | I2009: 2676 | J2009: 3972.8 | K2009: 3972.8
A2010: 1069 | B2010: 02673 | C2010: JAB LIQUIDO ROSA 1L | D2010: ECODELTA | E2010: SUELTO | F2010: 1360 | G2010: 1360 | H2010: $ | I2010: 2673 | J2010: 1353.3 | K2010: 1353.3
B2011: 02674 | C2011: JAB LIQUIDO ROSA 5L | D2011: ECODELTA | E2011: SUELTO | F2011: 3460 | G2011: 3460 | H2011: $ | I2011: 2674 | J2011: 3451.5 | K2011: 3451.5
A2012: 566 | B2012: 02669 | C2012: JAB LIQUIDO SKIP MAX 1L | D2012: ECODELTA | E2012: SUELTO | F2012: 1280 | G2012: 1280 | H2012: $ | I2012: 2669 | J2012: 1279.2 | K2012: 1279.2
B2013: 02710 | C2013: JAB. MANOS DOVE 1L | D2013: ECODELTA | E2013: SUELTO | F2013: 2030 | G2013: 2030 | H2013: $ | I2013: 2710 | J2013: 2024.1 | K2013: 2024.1
B2014: 02709 | C2014: JAB. MANOS DOVE 5L | D2014: ECODELTA | E2014: SUELTO | F2014: 9700 | G2014: 9700 | H2014: $ | I2014: 2709 | J2014: 9698 | K2014: 9698
B2015: 02711 | C2015: JAB. MANOS ESPADOL 1L | D2015: ECODELTA | E2015: SUELTO | F2015: 2490 | G2015: 2490 | H2015: $ | I2015: 2711 | J2015: 2483 | K2015: 2483
B2016: 02712 | C2016: JAB. MANOS ESPADOL 5L | D2016: ECODELTA | E2016: SUELTO | F2016: 9400 | G2016: 9400 | H2016: $ | I2016: 2712 | J2016: 9391.2 | K2016: 9391.2
B2017: 02713 | C2017: KOTRINA 1L | D2017: ECODELTA | E2017: SUELTO | F2017: 3460 | G2017: 3460 | H2017: $ | I2017: 2713 | J2017: 3458 | K2017: 3458
B2018: 02689 | C2018: LAVANDINA T/AYUDIN 5L | D2018: ECODELTA | E2018: SUELTO | F2018: 1600 | G2018: 1600 | H2018: $ | I2018: 2689 | J2018: 1592.5 | K2018: 1592.5
B2019: 02705 | C2019: LIQUIDO LAMPAZO SOLVENTE 1L | D2019: ECODELTA | E2019: SUELTO | F2019: 3010 | G2019: 3010 | H2019: $ | I2019: 2705 | J2019: 3003 | K2019: 3003
B2020: 02708 | C2020: PERFUME ROPA COCO | D2020: ECODELTA | E2020: SUELTO | F2020: 1770 | G2020: 1770 | H2020: $ | I2020: 2708 | J2020: 1768 | K2020: 1768
B2021: 02707 | C2021: PERFUME ROPA VIVEX | D2021: ECODELTA | E2021: SUELTO | F2021: 1770 | G2021: 1770 | H2021: $ | I2021: 2707 | J2021: 1768 | K2021: 1768
B2022: 02706 | C2022: PERFUME ROPA X 1L | D2022: ECODELTA | E2022: SUELTO | F2022: 1770 | G2022: 1770 | H2022: $ | I2022: 2706 | J2022: 1768 | K2022: 1768
B2023: 02686 | C2023: PERFUMINA 1L | D2023: ECODELTA | E2023: SUELTO | F2023: 1080 | G2023: 1080 | H2023: $ | I2023: 2686 | J2023: 1118 | K2023: 1118
...
